,id,facebook_id,page_name,page_type,degree_centerality,betweenness_centerality,closeness_centrality,community_id
12,12,189778427932,Socialstyrelsen,government,,,0.1958270509591333,25
27,27,220206968012871,Poppy Cat,tvshow,,,0.2001015246508977,12
35,35,115178951868510,Omoda,company,,,0.201308067912019,12
38,38,312747342102625,T.C. Niamey Büyükelçiliği/ Ambassade de Turquie à Niamey,government,,,0.1971829749890302,17
42,42,57816252527,Honey Bunches of Oats,company,,,0.2199393108848864,12
54,54,123185828069517,Policía de Seguridad Aeroportuaria,government,,,0.2229200150802627,57
58,58,676807905694191,Narragansett Fire Department,government,,,0.2291983311741964,34
67,67,1435115400134833,Jennifer Newman,politician,,,0.190466906279669,39
80,80,1674951879426286,Національна поліція України,government,,,0.1711780346028142,19
92,92,181414785384715,EVA Airways Corp. 長榮航空,company,,,0.2235120912789598,50
96,96,139152096100639,Noticias Univision Florida Central,tvshow,,,0.2247821606858812,12
115,115,160653460701518,Crackets,company,,,0.1528805002347401,52
135,135,101777342866,AIDA,company,,,0.2223354674002315,50
136,136,631919500263831,Canada and Iran,government,,,0.2229377096025241,58
153,153,594399277278367,hessenschau,tvshow,,,0.2125109948832414,24
154,154,61828104655,City of Kitchener,government,,,0.2477424334307293,58
171,171,650700358287878,The Belgian Navy,government,,,0.2437037679776134,30
184,184,126442007429667,KLM Russia,company,,,0.2096477723349661,50
200,200,516725565030981,Brendan Boyle,politician,,,0.2499805302448739,28
219,219,1592040124383871,352d Special Operations Wing,government,,,0.237520877819827,30
235,235,170179299705530,澎湖縣政府,government,,,0.1668609875461357,16
273,273,273432986059547,China Eastern Air(동방항공),company,,,0.1985788650363679,50
288,288,165501993099,Lenovo Malaysia,company,,,0.2026881962924541,14
303,303,213172965475179,Austrian Office Taipei 奧地利台北辦事處,government,,,0.2147923676965432,46
322,322,252750638220197,Robert von Olberg,politician,,,0.1990679625413082,24
324,324,388899148137392,Justis- og beredskapsdepartementet,government,,,0.1861403363433021,42
331,331,120251049238,Coffee-mate,company,,,0.1848935189756755,12
332,332,398675146900419,José Luis Gioja,politician,,,0.2070036114386792,57
355,355,125530084148237,Nike+ Run Club,company,,,0.1982477192115618,12
363,363,205844552777903,ABB,company,,,0.2473851099905313,31
425,425,92378498253,OLD BAY® Seasoning,company,,,0.2198209656117008,34
531,531,108929519124740,Niumba,company,,,0.2492678056356778,22
534,534,245363105596963,Israel Patent Office רשות הפטנטים,government,,,0.2146384799824231,48
540,540,241832895841847,TGI Fridays Frozen Snacks,company,,,0.2156251199570074,12
555,555,178858105636453,Mitchell,company,,,0.216493554043898,12
557,557,128401833854581,Nagy József,politician,,,0.208131090444255,46
603,603,8605796091,Diet Coke,company,,,0.2113754597879566,12
621,621,56158390063,Phil Berger,politician,,,0.1992073905950776,43
626,626,120659348096826,Consulado General del Perú en Ginebra,government,,,0.2112820416376732,33
651,651,241673509341052,Alexis Tsipras Intl,politician,,,0.190442690896146,24
668,668,165822240130978,起士公爵 Cheese Duke,company,,,0.2137624628967196,16
670,670,302057785252,Norwegian,company,,,0.1831497949967802,50
696,696,992768107415537,Kelly Tolhurst,politician,,,0.1956531204012504,36
700,700,464368187017206,7 News Cairns,tvshow,,,0.1997883767249964,39
704,704,474257199269888,André Fufuca,politician,,,0.1971449127855964,55
711,711,117178701645843,Biggest loser,tvshow,,,0.1436820565289679,45
765,765,239582775483,Martín Orozco,politician,,,0.2019739858153478,52
792,792,227117497321740,VA Maine Healthcare System,government,,,0.2180757621344617,30
796,796,212856152066337,Hell On Wheels,tvshow,,,0.1975591956600107,12
810,810,12637555873,The Soup,tvshow,,,0.222747640574193,12
817,817,555803774486872,Marcio Bittar,politician,,,0.1846837960908089,55
866,866,563481193679341,BreastScreen NSW,government,,,0.2269389651445828,39
914,914,6489901692,Allo Resto by Just Eat,company,,,0.1941904482049332,25
952,952,151011701623547,Discover Ireland,company,,,0.2248631446213584,50
967,967,409087905893160,Wild Atlantic Way,company,,,0.2141026251846205,46
978,978,434923669883731,Александар Вучић,politician,,,0.2148663122059442,46
988,988,191139280918531,"Annette Karl, MdL",politician,,,0.1876874242993776,24
1003,1003,240259225410,SBS Dateline,tvshow,,,0.2307613306083045,39
1009,1009,113572568718946,The Flintstones,tvshow,,,0.1727507573078283,12
1035,1035,7921863687,Mary Fallin,politician,,,0.2087440425867947,43
1039,1039,30817324060,Amir Khadir,politician,,,0.2036452951945909,5
1056,1056,207620475985,ING Bank Türkiye,company,,,0.1705815365927725,51
1067,1067,356844321049713,Austin Fire Department,government,,,0.2015681208565456,43
1070,1070,309127989103741,The Five,tvshow,,,0.2326802394217426,43
1118,1118,357667617639669,Celebrity Taste Makers,tvshow,,,0.2142720909385669,12
1138,1138,200066141478,Giuseppe Castiglione,politician,,,0.2021066076600644,40
1285,1285,77067914982,Dr. Gesine Lötzsch,politician,,,0.1949148131441063,24
1289,1289,280850599674,"Harrisonburg, VA - Government",government,,,0.2337404294274301,34
1302,1302,1665963593633568,Jeff & Some Aliens,tvshow,,,0.1916545118008819,12
1332,1332,447818628599686,Total,company,,,0.1957588060533721,33
1344,1344,519513704828833,Lucy Frazer,politician,,,0.1945923943637576,36
1424,1424,102814153147070,BBC West,tvshow,,,0.1857003537307018,36
1447,1447,1649286368661676,Ya Era Hora con Erika y Eduardo,tvshow,,,0.1806320392954474,12
1477,1477,160391958780,Tessuti,company,,,0.213079308480877,12
1505,1505,200759523312356,Itaú Personnalité,company,,,0.2191712674847344,50
1507,1507,1549801021921338,Austrian Embassy Sofia,government,,,0.2157182768651772,46
1538,1538,657864217596334,"Ministry of Tribal Affairs, Government of India",government,,,0.1938687466565428,59
1551,1551,10239646659,Movistar Chile,company,,,0.1789731090295036,33
1563,1563,191807754164311,easyJet,company,,,0.1776177451739893,50
1566,1566,120294331322903,Bottega Veneta,company,,,0.2095246088140398,12
1578,1578,76410851892,Hidden Valley,company,,,0.216274749497069,12
1581,1581,238859862872631,TransMilenio,company,,,0.2004406858284715,33
1601,1601,420783138083459,Cora van Nieuwenhuizen,politician,,,0.2276794309280857,46
1603,1603,336156273152652,Bravíssimo,tvshow,,,0.2128733976940057,33
1604,1604,1155718097801871,Marco A. Mena,politician,,,0.1970325420696791,52
1614,1614,375623345836710,U.S. Army PEO STRI,government,,,0.2197629154359265,30
1629,1629,256302322380,Crocs,company,,,0.1928868209600989,12
1641,1641,129983887053550,Birds Eye,company,,,0.192449016299367,12
1655,1655,145288442221338,Carnival Cruise Line Entertainment,company,,,0.2151419981232884,12
1660,1660,148448185226021,goodnessKNOWS,company,,,0.2163101449833452,12
1678,1678,1468159263445854,Trempealeau National Wildlife Refuge,government,,,0.2163684686940277,34
1700,1700,274890029208501,Tribunal Regional Eleitoral de Alagoas,government,,,0.192501777743508,55
1712,1712,100583160091606,Disney On Ice,company,,,0.1933366030787234,12
1713,1713,87864316887,Visit San Antonio,company,,,0.2304654645414076,12
1715,1715,1419899828311003,Legion,tvshow,,,0.1824848937690858,49
1769,1769,115710005183335,Microsoft,company,,,0.2164059791193127,14
1801,1801,263966713976008,Birgit Gerstorfer,politician,,,0.1950180098077507,46
1808,1808,350639411762406,ヤフー採用情報（Yahoo! JAPAN）,company,,,0.2021193339750105,12
1828,1828,144834455541025,Ramón Muchacho,politician,,,0.205920359253998,57
1845,1845,181245226552,LightInTheBox,company,,,0.1996410388548784,22
1881,1881,532313946789323,José Airton Cirilo,politician,,,0.1959739387543282,55
1908,1908,404969166353,adidas,company,,,0.2058958287515578,12
1910,1910,470761819674131,Alex Dorow,politician,,,0.2175647542967804,44
1911,1911,1434421156779540,McDonald's Latino,company,,,0.2017165070159531,51
1920,1920,7809406509,Gilles Duceppe,politician,,,0.1965138449159509,5
1958,1958,141381142582912,Miss Schweiz,tvshow,,,0.2161415997306527,50
1990,1990,429414417110754,Disney On Ice,company,,,0.1933366030787234,12
2042,2042,751183228245876,Café Com Jornal,tvshow,,,0.2034664179442366,55
2067,2067,272871562821361,ESPN Tenis,company,,,0.170191331747739,12
2097,2097,149689475143693,evian,company,,,0.2064520278589411,12
2098,2098,156340203181,Koch Industries,company,,,0.2202411291903548,12
2143,2143,153641641318562,3 Danmark,company,,,0.1996623272759586,14
2217,2217,146030012078459,Hot Tamales,company,,,0.2075888320183299,12
2226,2226,217985456536,Vöslauer,company,,,0.2182049489181525,14
2249,2249,464829670300145,Switzerland in Pakistan,government,,,0.2108181647588665,50
2300,2300,143375015680668,Cacao Barry,company,,,0.1766875314544539,53
2302,2302,193853000653473,Red Bull MOBILE,company,,,0.2041930969301514,12
2304,2304,698545383545511,Ticketmaster Polska,company,,,0.1865932551051762,39
2307,2307,130494840642224,Mette Gjerskov,politician,,,0.1885521037879932,42
2308,2308,877071379012276,國軍退除役官兵輔導委員會,government,,,0.2090781356137233,16
2320,2320,1453946004898937,Kateřina Valachová,politician,,,0.1998239123474796,46
2329,2329,1747943185455863,Tiemo Wölken,politician,,,0.1979734790078858,24
2336,2336,105259866891,City of Dunwoody - Government,government,,,0.2141760954732196,34
2367,2367,317577031588702,Consulado Geral da Alemanha Porto Alegre,government,,,0.2043602430239749,24
2396,2396,267044592556,RCI,company,,,0.2060053176858897,50
2401,2401,203587032985417,Europ Assistance,company,,,0.187480704564987,50
2407,2407,140443376163779,Martin Stümpfig,politician,,,0.1973648381571434,24
2412,2412,118410851589072,Miri Regev מירי רגב,politician,,,0.2233388002584364,48
2433,2433,125696285699,Jimmy Van Bramer,politician,,,0.2199177840853479,23
2437,2437,753902134696971,Jennifer O'Connell,politician,,,0.2103090660626368,58
2453,2453,296125078581,Jarritos,company,,,0.2150616882184595,12
2492,2492,9421528214,Russ Feingold,politician,,,0.2163059802071701,28
2520,2520,281246808612055,Microsoft,company,,,0.2181668123118749,14
2521,2521,140224616013022,The Home Depot Careers,company,,,0.2230217969587485,30
2527,2527,113755299053,MUDr. Gabriela Pecková - TOP 09,politician,,,0.1977991989084026,46
2538,2538,110491392351511,Link4,company,,,0.1927842127842128,25
2546,2546,223037877716188,Tia & Tamera,tvshow,,,0.236254665895589,12
2584,2584,322288281197980,Visita Taxco,government,,,0.1880502828830638,52
2626,2626,136156083199530,כבאות והצלה לישראל Israel Fire & Rescue Authority,government,,,0.2088837654671042,48
2658,2658,115965091775764,Teenage Mutant Ninja Turtles,tvshow,,,0.1984070218195625,12
2718,2718,1632024037039953,Embassy of Belgium in Kyiv,government,,,0.2127947722322189,46
2726,2726,236257739743085,Pepperidge Farm Puff Pastry,company,,,0.216358051439081,12
2753,2753,162108480495551,Carlos Minc,politician,,,0.1989939156695863,55
2766,2766,122272787800032,FEMSA,company,,,0.182772869995282,52
2779,2779,1718516835033094,Jan Logie MP,politician,,,0.174450112190312,2
2783,2783,215748555120661,Brooks Running,company,,,0.19712934611909,12
2801,2801,5890187327,QuikTrip,company,,,0.2213738201737965,12
2835,2835,220469288050838,Günter Lach,politician,,,0.2175816088392226,44
2908,2908,154284337996122,T.C. Banjul Büyükelçiliği,government,,,0.1936865878783177,17
2935,2935,341431305970091,"Pat McGuire, State Senator",politician,,,0.2164685254051137,34
2956,2956,87691502056,Speedo,company,,,0.1917902931184594,12
2967,2967,160893720601092,"Charlie Battery, 1-79 FA Basic Combat Training",government,,,0.2286851292072506,30
3018,3018,274687979233940,Congressman G. K. Butterfield,politician,,,0.2132087109171134,34
3050,3050,582046848590572,Jason Woodforth - Former MP For Nudgee,politician,,,0.1896166147666185,39
3069,3069,285846251461424,Frank And Oak,company,,,0.2222299148426914,12
3096,3096,267651383363047,Maria Chiara Carrozza,politician,,,0.2119117230972366,40
3127,3127,278265358918600,Murdoch Mysteries,tvshow,,,0.1994089351958678,58
3170,3170,353492111467605,Julio Garro,politician,,,0.2108003640150484,57
3203,3203,399250573436072,Werken bij Defensie,government,,,0.1982372247317899,30
3214,3214,1563996730500288,Hochzeit auf den ersten Blick,tvshow,,,0.1530439876306074,53
3244,3244,173012362523,Town of Oro Valley - Government,government,,,0.2417815368391602,28
3275,3275,48398083442,Stefano Caldoro,politician,,,0.2048651950728046,40
3317,3317,47297078796,"Bauer Hockey, Inc.",company,,,0.1881384599926315,12
3338,3338,291576337606199,Tod's,company,,,0.2142291887150443,12
3340,3340,111109218969148,Bridgestone,company,,,0.1558085833755174,25
3352,3352,22625199708,Chuka Umunna,politician,,,0.2019812482583173,36
3356,3356,300894153352815,Hedi Thelen,politician,,,0.2038170916446694,44
3378,3378,159823480694444,Yves Delorme,company,,,0.2081985897091391,12
3388,3388,113127139019,Telenor Pakistan,company,,,0.2001157819736373,14
3410,3410,305447109666565,Mali Giganci TVN,tvshow,,,0.1839730783087151,14
3421,3421,14576745227,Joules,company,,,0.2040280766751114,12
3441,3441,151939655519,Fotolia,company,,,0.1866428541761847,14
3450,3450,305952686090102,GIORDANO,company,,,0.1869301164725457,31
3455,3455,195214240655236,CHP – Humboldt,government,,,0.2179129085442731,34
3510,3510,149331784025,Vodafone it,company,,,0.2060563264033454,14
3515,3515,126263214090272,Heinz UK,company,,,0.2068416352907603,12
3519,3519,358655084144679,JustFab,company,,,0.174474495461287,12
3524,3524,118421854890032,Crocs,company,,,0.1928851651228871,12
3544,3544,800051713419362,Sylvain Rochon,politician,,,0.1792615404253961,5
3570,3570,198883826804920,Liberte USA,company,,,0.2171904149710496,12
3587,3587,136198086404317,Nike+ Run Club,company,,,0.1978706166229283,12
3632,3632,138182799534453,Nike+ Run Club,company,,,0.2264654894371875,12
3674,3674,1433558319994719,Wiebke Esdar,politician,,,0.2078672994550988,24
3693,3693,1481101035514384,Embassy of the Argentine Republic to Kenya / Embajada Argentina en Kenia,government,,,0.1962375217250805,57
3720,3720,213663452113501,Arrested Development,tvshow,,,0.2028986815965324,24
3744,3744,222310684449905,Travel Oregon,company,,,0.210519905182187,50
3747,3747,640911495932600,Keris Strike,government,,,0.2279612438492365,30
3763,3763,335866203103436,NOAA Fisheries Service (NMFS) SCUTES Program,government,,,0.2238594813242869,34
3772,3772,202220023130891,Bell Canada,company,,,0.2112462863374826,58
3784,3784,491282360970047,Clovis Fire Department,government,,,0.22283821443802,34
3800,3800,317432671089,Breyers,company,,,0.2131419681648295,12
3817,3817,252959821498182,Matteo Orfini,politician,,,0.211212528553031,40
3846,3846,124937727521279,McDonald’s El Salvador,company,,,0.1964777586372738,51
3847,3847,858921347460098,JustFab,company,,,0.174474495461287,12
3883,3883,131013436910692,Alfredo Del Mazo Maza,politician,,,0.2079038436626755,52
3942,3942,386186634865927,Seema Kennedy,politician,,,0.2181032809163269,36
3950,3950,394768854035740,ItaliaSicura/Scuole,government,,,0.2236544797587171,40
3985,3985,224997800881528,Crocs,company,,,0.1818866213886168,12
4024,4024,147052845346296,IHG Careers,company,,,0.2047307948136201,50
4032,4032,113291046417,Microsoft,company,,,0.2258644953759549,14
4037,4037,1417537291824671,AngelSense - Protecting Children,company,,,0.222100310380958,34
4048,4048,242510495768907,Star Trek: The Next Generation,tvshow,,,0.2219007080991931,12
4070,4070,231696100306592,Pinacoteca di Brera,government,,,0.2144131764526256,40
4082,4082,498113730326200,Le chocolat des Français,company,,,0.2241117915777294,12
4088,4088,261220740805,"Clermont County, Ohio - Government",government,,,0.2322545300435173,34
4125,4125,135534948152,Murat Hazinedar,politician,,,0.1716474920169287,54
4129,4129,453907404631876,Batalhão de Operações Policiais Especiais  - BOPE,government,,,0.1989586746123808,55
4143,4143,266696680025970,Sperry,company,,,0.196409059519751,12
4150,4150,174954282692499,Unusually Thicke,tvshow,,,0.2162143956889915,12
4162,4162,424149391126462,Daniel Salvador,politician,,,0.2058524429460105,57
4168,4168,191641461010383,La Măruță,tvshow,,,0.2012179286258003,46
4177,4177,181457381961702,Cécile Duflot,politician,,,0.2240916752271435,21
4178,4178,162097943818229,CQC na Band,tvshow,,,0.2048185083225465,55
4180,4180,170644506292218,KC Water,government,,,0.2049455460897166,34
4197,4197,298476613611542,Johanna Werner-Muggendorfer,politician,,,0.1880959357080072,24
4230,4230,475265509175421,House Rules,tvshow,,,0.2156354667511204,39
4258,4258,135179350225,Thomas Hacker,politician,,,0.1800227542223504,44
4268,4268,190598067647428,CERELAC,company,,,0.1831975800862624,33
4277,4277,1425911001002245,X Company,tvshow,,,0.2020938829476259,58
4331,4331,32916517296,Edelweiss,company,,,0.214425453539084,50
4344,4344,118948271632865,Henrik Dahl,politician,,,0.2011494767374197,42
4350,4350,122229581165308,Rowan County Emergency Services,government,,,0.2272534185613722,34
4364,4364,616017055199753,Seleção Sportv,tvshow,,,0.1441244387427838,55
4385,4385,246935878840912,Permanent Mission of Canada to the OAS,government,,,0.2001050887911226,58
4394,4394,1864576667103855,Daniel Caspary,politician,,,0.1907903675022077,44
4415,4415,503911453045425,Idaho Fish and Game Southwest Region,government,,,0.1932867084741971,34
4436,4436,28211229428,CBC News: Marketplace,tvshow,,,0.2105850156516523,58
4458,4458,238973959615296,Ambassade du Canada en Argentine,government,,,0.2188574489845614,58
4467,4467,183024688378707,Vilebrequin,company,,,0.2050091240875912,12
4468,4468,254004664611671,Ministère de la Jeunesse et des Sports Tunisien,government,,,0.1941417894327558,35
4526,4526,340843289450182,獨立特派員,tvshow,,,0.1945890238938589,16
4537,4537,604762262942740,Jamie Strange MP,politician,,,0.178715450387751,2
4651,4651,1398134957094268,Embassy of Canada in Haiti,government,,,0.2279751215008269,58
4688,4688,161684247229918,Embajada del Perú en Bolivia,government,,,0.2036729847079832,33
4733,4733,109839375873623,L'ÉTÉ INDIEN,tvshow,,,0.1768224063712412,5
4768,4768,211783385560749,Visit Japan International,government,,,0.1961861187996053,50
4805,4805,16552638255,Hebrew National,company,,,0.1968237004852923,12
4810,4810,373876062631747,Sea Rescue,tvshow,,,0.2287642920412547,12
4833,4833,59959228306,Crin Antonescu,politician,,,0.2115884435739038,19
4835,4835,279425745500056,Ultra Mobile,company,,,0.2204918354529753,12
4918,4918,168727169874009,Dr. Michael Meister,politician,,,0.2209993114979836,44
4925,4925,193944157325672,Timur Husein,politician,,,0.2122199554195473,44
4955,4955,126673024071888,vente-privee.com,company,,,0.1788904635276508,12
4968,4968,581847815205929,ISU Mureș,government,,,0.1919279063807978,19
5028,5028,171742906366386,Chris Ballard MPP,politician,,,0.2122059254082336,58
5083,5083,107427082615414,Ente Tucumán Turismo,government,,,0.2108577327327327,57
5089,5089,89391970955,Z Gallerie,company,,,0.2151255194071577,12
5095,5095,171723962923669,Cathay Pacific Airways,company,,,0.1984753727651756,50
5145,5145,110237302415157,ARTE Séries,tvshow,,,0.1908292566924854,12
5160,5160,223889900986170,SpringHill Suites by Marriott,company,,,0.2018451643040658,50
5164,5164,294056490711908,Festina,company,,,0.1635715065700869,13
5170,5170,440383059409773,Cheetos Colombia,company,,,0.1781769160620118,12
5204,5204,140700096019389,Luis Fernando Salazar Fernández,politician,,,0.200854586249743,52
5223,5223,233221876759529,Quaker Oats UK,company,,,0.1992038583612603,12
5239,5239,20121992225,Skins,tvshow,,,0.225472389190491,12
5263,5263,584134445055078,Yahleel Abdala,politician,,,0.1815984934817221,52
5272,5272,423077744491646,Ambassade de France au Venezuela,government,,,0.2245260959499565,21
5273,5273,162092537232514,Shimano-MTB,company,,,0.2014831686364533,13
5278,5278,127209782409,Telmo Correia,politician,,,0.2104922947210642,46
5313,5313,386001744772337,Michal Biran | מיכל בירן,politician,,,0.2203210338978065,48
5319,5319,202693196528895,Kinder Bueno,company,,,0.164751688285025,1
5331,5331,252137878142246,Rosinha da Adefal,politician,,,0.2098906128854471,55
5332,5332,388650307829032,Rachel Reeves,politician,,,0.2053820348991325,36
5352,5352,142356331870,Village of Hoffman Estates Government,government,,,0.2168801459445372,34
5389,5389,230907040316856,Comic Book Men,tvshow,,,0.194870860869716,12
5395,5395,73566404041,NH Chronicle,tvshow,,,0.2076156859846245,12
5405,5405,174451932610023,Club Med,company,,,0.1861912377669315,47
5416,5416,1391121734481154,David Mackintosh,politician,,,0.2195009964440623,36
5419,5419,152727621416195,EngageSciences,company,,,0.2129662101322212,50
5444,5444,294291737296480,Austin Petersen,politician,,,0.2004478384213249,43
5459,5459,179037702276338,Abby's Studio Rescue,tvshow,,,0.2044643832126087,12
5467,5467,171145959587489,McDonald's,company,,,0.2062265380485163,51
5474,5474,465668450238134,"India at UNESCO (Permanent Delegation of India to UNESCO, Paris)",government,,,0.2099651444217057,59
5476,5476,555019111251643,Centro de Promoción del Consulado Argentino en Miami,government,,,0.1933282855225344,57
5497,5497,125437630824587,Yes Hotels,company,,,0.2150225845965395,50
5519,5519,441985845837624,Empleo y Competitividad,government,,,0.1926024344248242,57
5523,5523,131664630202173,Microsoft,company,,,0.225047826043409,14
5568,5568,314622461886410,Air Tahiti Nui,company,,,0.1832334352701325,50
5573,5573,164685286918748,Kia Jordan,company,,,0.2452920819641707,25
5581,5581,464641086996469,Heuler Cruvinel,politician,,,0.2046506120664529,55
5602,5602,276844475727924,Secretaría de Turismo Colima,government,,,0.2128733976940057,52
5605,5605,137362696323133,Samsung,company,,,0.1862684142024588,50
5693,5693,551762328271013,Oikeusministeriö - Justitieministeriet,government,,,0.2043602430239749,32
5734,5734,212784932077977,dm drogerie markt Hrvatska,company,,,0.1728836772694397,14
5740,5740,631118330282410,GNARBOX,company,,,0.2102638006382122,12
5741,5741,117420464947628,Seattle's Best Coffee,company,,,0.2289857731034201,12
5783,5783,1453037244924457,Lars Adaktusson,politician,,,0.2121558333648072,46
5789,5789,9955459643,College Hill,tvshow,,,0.1763201054671866,12
5815,5815,139709072017,XIII La Série,tvshow,,,0.1788392046992152,18
5817,5817,406394369426068,Thug Kitchen,company,,,0.1875558226696383,12
5824,5824,1831908787045024,Siemtje Möller MdB,politician,,,0.2091968791315196,24
5827,5827,259244660777075,Barclays UK,company,,,0.2217758651321633,12
5829,5829,146774245917366,German Embassy Gaborone,government,,,0.2209623649040683,24
5836,5836,173722629784271,NYPD 10th Precinct,government,,,0.2185700389105058,34
5838,5838,222215041139410,"India in Maldives (Embassy of India, Malé)",government,,,0.2045965707833656,59
5850,5850,322356904477438,State of the Nation with Jessica Soho,tvshow,,,0.1759748752770533,11
5856,5856,1574163019478490,City of Walla Walla Government,government,,,0.2474722999317135,30
5928,5928,149979991720935,Gratiela Gavrilescu,politician,,,0.2236344454176287,19
6002,6002,213353770217,Esport Club,tvshow,,,0.1735661040516009,35
6034,6034,78020429052,BARBARA MATERA,politician,,,0.2265134331367508,46
6036,6036,268863990220033,Senator Grant Mitchell,politician,,,0.2140944649305853,58
6037,6037,128625383851268,NASA Michoud Assembly Facility,government,,,0.2083395148727839,34
6051,6051,207234499305693,Crocs,company,,,0.1818880937732733,12
6061,6061,11644847449,OXXO,company,,,0.2148848062890315,52
6075,6075,338645782840713,"Ministère du Développement durable, de l’Environnement et de la Lutte contre les changements climatiques",government,,,0.2102264221556886,5
6076,6076,626480580740492,DauraDamm,company,,,0.2034719455210634,12
6081,6081,116671198348708,KLM Czech Republic,company,,,0.2031904215009811,50
6094,6094,230969943606731,Czech Airlines,company,,,0.2149361954504582,50
6118,6118,1673371229636129,Pamela Rendi-Wagner,politician,,,0.1946176766101929,46
6148,6148,112408032134769,寶島漁很大,tvshow,,,0.162367036651636,16
6187,6187,1409754639255275,U.S. Coast Guard Cutter ALDER,government,,,0.2251244902662137,30
6191,6191,114824201977,Hilton Grand Vacations,company,,,0.2101045426492865,50
6259,6259,132470663569735,Expo Transporte Anpact,company,,,0.204356525693497,33
6265,6265,297853666936769,Emerald,company,,,0.2148724765465864,12
6274,6274,216606381852638,Embassy of Canada to Iceland,government,,,0.2177629602349269,58
6295,6295,145621403662,Starbucks Canada,company,,,0.2160023841110534,12
6322,6322,1387733661468758,Martina Dlabajová,politician,,,0.2091929837628482,46
6323,6323,555771057824100,Undervisningsministeriet,government,,,0.1911116781491877,42
6325,6325,169107448165,Komplett,company,,,0.2043137861111363,14
6345,6345,108408165845154,Handelsafdeling Nederlandse Ambassade Madrid / NBSO Barcelona,government,,,0.2087382248564686,46
6410,6410,146947168749935,Riigi Infosüsteemi Amet,government,,,0.1915385139973403,46
6411,6411,123253144439157,MSNBC Originals,tvshow,,,0.2149629275292992,12
6431,6431,71309025692,IZZE,company,,,0.2005838347408452,12
6434,6434,534865589914032,林卓廷 LAM CHEUK TING,politician,,,0.1654845813355723,16
6446,6446,556920834340600,Tyrant,tvshow,,,0.1837158532497158,49
6456,6456,339058510313,Terry Branstad,politician,,,0.2218963252649147,34
6468,6468,688216614562634,Easy Taxi,company,,,0.1862761353650246,22
6475,6475,38516443678,megabus.com,company,,,0.2279311813995009,12
6575,6575,380462231997295,K-Supermarket,company,,,0.1566974217349764,53
6590,6590,1210674635623309,Viddsee Good,company,,,0.1586726551134838,31
6638,6638,151626539526,Pakistan Tehreek-e-Insaf,politician,,,0.1747010434322857,27
6639,6639,886887968099366,Anniken Hauglie,politician,,,0.1752474398071958,42
6650,6650,215826952178771,Sebastian Roloff,politician,,,0.1962803780771179,24
6671,6671,132081383503163,Autodesk,company,,,0.2275065308519471,12
6683,6683,1541262159465662,Governor Kate Brown,government,,,0.2015988658998331,34
6708,6708,214130525293825,The Voice ישראל,tvshow,,,0.2073857343276969,53
6717,6717,1384015488503058,ISRO's Mars Orbiter Mission,government,,,0.2149711541221381,59
6761,6761,1007871102569854,Gabi Rolland,politician,,,0.1948674807465482,24
6868,6868,214703445397159,Fernando Bezerra Coelho,politician,,,0.2031536785381687,55
6885,6885,31772462827,RuPaul's Drag Race,tvshow,,,0.1931703878194932,12
6907,6907,227942193969120,NESCAFÉ  Dolce Gusto Bulgaria,company,,,0.1699673212502647,1
6912,6912,469955153055569,Waguinho,politician,,,0.2059958743983497,55
6978,6978,458200134275086,hummel,company,,,0.1558637051013471,13
7027,7027,225073057924,Starbucks Philippines,company,,,0.2157845707645471,12
7039,7039,230625005732,Tanya CHAN 陳淑莊,politician,,,0.162899109706232,16
7049,7049,457480214329376,Arturo Scotto,politician,,,0.1888992576525679,40
7064,7064,463607845104,"Luciana Berger, Labour & Co-operative MP for Liverpool Wavertree",politician,,,0.2091812985271938,36
7079,7079,142308375810345,Nike+ Run Club,company,,,0.171558372146293,12
7109,7109,220121968038271,Lieu historique national du Fort-Langley,government,,,0.2089167828916782,58
7131,7131,8893256126,Siv Jensen,politician,,,0.2016459058764403,42
7154,7154,1383181148639752,เท่ง โหน่ง วิทยาคม,tvshow,,,0.1551383672116659,20
7160,7160,108017955888494,1&1 Hosting Guide,company,,,0.1909330387491502,23
7232,7232,164345690280744,Puoli seitsemän,tvshow,,,0.1815251375435251,32
7238,7238,63306224439,Trip.com,company,,,0.208005850714213,50
7253,7253,623668101010260,Hofer Slovenija,company,,,0.223665611499333,12
7302,7302,122865837757417,רשות האוכלוסין וההגירה- Population & Immigration Authority,government,,,0.2142332739008972,48
7377,7377,114297033930,La Noche en 24 Horas,tvshow,,,0.1946530827940501,50
7439,7439,274527822566791,Ciro Nogueira,politician,,,0.2078692225141546,55
7440,7440,195305686795,Murray-Darling Basin Authority,government,,,0.2179340446168768,39
7443,7443,363813773727121,Detlef Wimmer,politician,,,0.1743296505493141,46
7492,7492,541150805972510,Jornal da Record - JR,tvshow,,,0.1900335766299889,55
7538,7538,309867232515766,Mette Abildgaard,politician,,,0.2019612777967533,42
7547,7547,134906402520,Hoarders on A&E,tvshow,,,0.1690847794350044,6
7573,7573,437986449624710,Turkish Embassy in Ottawa,government,,,0.2366552915402763,17
7589,7589,213638852007750,Impractical Jokers,tvshow,,,0.2234898594547281,12
7608,7608,142237522483061,HLN News Now,tvshow,,,0.2123443022662407,30
7626,7626,293843523498,du,company,,,0.206736962202348,50
7646,7646,361472677856,Frank Tempel,politician,,,0.1966239039501549,24
7654,7654,1599328286955515,Comunicación Social Guerrero,government,,,0.1910141970585735,52
7657,7657,147430388619269,George at Asda,company,,,0.2149773244799938,12
7679,7679,176603122456638,Joe Romania,company,,,0.2004979208680599,46
7711,7711,1655902584658058,Comcast,company,,,0.2203426397183568,12
7714,7714,135237519825044,Grameenphone,company,,,0.2054440055592129,14
7736,7736,394239884089547,Dieudonne Luma Etienne,politician,,,0.2013405378280778,14
7744,7744,119570041431079,ITV Border,tvshow,,,0.1909184375770038,36
7746,7746,118004124899570,Volkswagen,company,,,0.1905250483329376,25
7762,7762,953249028069662,Österreichische Botschaft Tallinn - Austria Suursaatkond Tallinnas,government,,,0.216189431551399,46
7773,7773,404406569621827,Bayer,company,,,0.2024817965539615,33
7782,7782,229938547022168,AirAsia BIG Thailand,company,,,0.2050371857462244,50
7838,7838,906194512796123,Vlad Vasiu,politician,,,0.2581071301391106,46
7844,7844,229108053793264,Suzanne Bonamici,politician,,,0.240680834654441,28
7846,7846,193728807328242,Stephen McPartland,politician,,,0.2161395205663934,36
7863,7863,245869602101783,South Australia,company,,,0.2178558616209507,50
7890,7890,237508296268395,Crocs,company,,,0.1928868209600989,12
7923,7923,461067670608582,Fjärde sjöstridsflottiljen,government,,,0.198177776993773,56
7987,7987,151419818236807,Administración del Seguro Social,government,,,0.2184786519257509,34
7996,7996,200107711393,Durex,company,,,0.1510429621064944,14
7997,7997,229966897109923,"Parc national Forillon, Parcs Canada",government,,,0.1936849182814978,58
8013,8013,153005644864469,All In with Chris Hayes,tvshow,,,0.2134031095366087,28
8019,8019,1439743006301172,Pequeños gigantes,tvshow,,,0.1789959212287298,53
8020,8020,1507744276110325,Davor Škrlec,politician,,,0.2249599519423308,46
8032,8032,34888244242,SSENSE,company,,,0.2074814855855356,12
8076,8076,602140163138754,Bayer Career,company,,,0.1992904341655949,33
8081,8081,276860619087002,Sylwester Tułajew,politician,,,0.1776107250982159,46
8084,8084,162683560420549,Tradewinds,company,,,0.2147718365864382,12
8085,8085,25225288871,Pierre & Vacances,company,,,0.1948843825350842,12
8111,8111,886016991452413,Viddsee Film Pendek,company,,,0.1586726551134838,31
8114,8114,132476996783723,Kaufland,company,,,0.1583974847023658,45
8127,8127,357389524269,Light & Fit,company,,,0.2012467644134743,12
8174,8174,221606494625208,Des Racines et Des Ailes,tvshow,,,0.202647979292369,21
8200,8200,761049260582146,Град Београд,government,,,0.2258576842274559,46
8203,8203,520731511315986,FlySAA Mozambique,company,,,0.1970463653982758,50
8213,8213,169121369775655,X Factor Polska,tvshow,,,0.2031812345143146,14
8272,8272,267148025570,City Club,company,,,0.2471184725704984,52
8282,8282,100654553390839,evian,company,,,0.2026388412907415,12
8289,8289,206678532710149,O Ses Türkiye,tvshow,,,0.182496751137102,53
8364,8364,98337972266,Occupation Double,tvshow,,,0.1791872019394867,5
8370,8370,182385655134901,Sonic Automotive,company,,,0.2177038824133554,25
8406,8406,130294190357191,Sunbeam Australia,company,,,0.1936214949244265,39
8409,8409,149180381814963,Toshiba Innovation,company,,,0.240248492365596,14
8464,8464,181785378644304,Yojana Journal,government,,,0.1876795856999666,59
8518,8518,225205197562359,Filmselskabet på DR K,tvshow,,,0.2084361490936752,42
8527,8527,6781166087,Bob Casey,politician,,,0.2267305751765893,28
8553,8553,105288852858295,Vietnam Airlines,company,,,0.2222870767008636,50
8571,8571,337384159797886,"Dr Lisa Cameron MP  East Kilbride, Strathaven & Lesmahagow",politician,,,0.1593794776489948,36
8656,8656,208610802492299,Afonso Hamm,politician,,,0.1979944132601359,55
8672,8672,152306641494958,BBVA Continental,company,,,0.2045742172206895,33
8698,8698,123390657717230,Microsoft,company,,,0.2164622691496228,14
8702,8702,140503649313790,Volkswagen,company,,,0.1821269352354705,25
8705,8705,249425191947,GIGABYTE,company,,,0.2085038464036821,14
8728,8728,410435982484545,Councillor Jared Cassidy,politician,,,0.1967375315214345,39
8756,8756,75793785999,Rudi Vervoort,politician,,,0.2017400517167073,53
8759,8759,207997330580,Shimano-MTB,company,,,0.2028657072175373,13
8793,8793,1561198654153974,European Union in Malawi,government,,,0.225009513509183,46
8806,8806,586751814690068,Joni Ernst,politician,,,0.216418485484772,43
8809,8809,1398019400426777,Callebaut,company,,,0.1946008210493495,53
8815,8815,432687416829227,Ambassade du Canada auprès de la Libye,government,,,0.2275871848633099,58
8841,8841,102602007922,Charlie Rose,tvshow,,,0.2339862746935757,30
8864,8864,332330220217783,Azusa Police Department,government,,,0.210798386340182,34
8882,8882,1406671796266485,Anja Schillhaneck,politician,,,0.1889262591440343,24
8906,8906,1603079529915945,The Embassy of Canada to Ethiopia,government,,,0.224894654135263,58
8914,8914,196637255229,Vistaprint,company,,,0.1552702319828068,14
8939,8939,6566864515,USA TODAY High School Sports,company,,,0.2233432402612248,12
8940,8940,118541794895493,INVISTA,company,,,0.1973093776618632,12
8966,8966,116324605060825,Services en français en Saskatchewan,government,,,0.1907628305811436,58
8989,8989,16714458909,Teavana,company,,,0.2256671387106169,12
8994,8994,223292464719666,U.S. Department of Energy Office of Environmental Management,government,,,0.2171988129416427,34
8997,8997,1541081312880444,Préfecture de la région Centre - Val de Loire et du Loiret,government,,,0.1997830474717028,21
9023,9023,118843008896,Canal Football Club - CFC,tvshow,,,0.2102106878227677,21
9026,9026,195166300038,Multibanca Colpatria,company,,,0.2237457927545756,33
9068,9068,9252726787,Earl Blumenauer,politician,,,0.2415917594942153,28
9093,9093,196445187046710,"1st Battalion, 94th Field Artillery Regiment",government,,,0.2300007165450246,30
9098,9098,291217237895254,Embajada de la República Argentina en Jamaica,government,,,0.191062925170068,57
9101,9101,110323122333795,JB Hi-Fi,company,,,0.2325405696307335,39
9115,9115,134701409891557,Saks Fifth Avenue OFF 5TH,company,,,0.2100947198144875,12
9122,9122,163264027060384,Kaffee oder Tee,tvshow,,,0.1851189691537041,24
9150,9150,307339086052392,Bridgestone,company,,,0.1558085833755174,25
9157,9157,229822040795401,2017 Estonian Presidency of the Council of the EU,government,,,0.2106600412525782,46
9168,9168,139164215005,N.C. Department of Agriculture and Consumer Services,government,,,0.203205122407821,34
9183,9183,209648425724253,Vereador Reimont,politician,,,0.198391255209437,55
9215,9215,1480841615468982,NSW SES Cowra,government,,,0.2064918713756628,39
9219,9219,165351710157249,GIGN - Groupe d'Intervention Gendarmerie Nationale,government,,,0.2120797387348272,21
9221,9221,317286141684169,C dans l'air,tvshow,,,0.1607500572344322,21
9232,9232,515709625133536,"Alpha Company, 602D ASB, 2CAB, 2ID",government,,,0.230953457774854,30
9236,9236,158894974200303,Vitor Lippi,politician,,,0.1851693134338198,55
9240,9240,111015655598587,City of Gulf Shores - Municipal Government,government,,,0.2279751215008269,34
9243,9243,242826962496001,Gouvernement de l’Ontario,government,,,0.20786345344373,58
9289,9289,178928252129734,Beeline KZ,company,,,0.1294923811060651,10
9292,9292,487731337915052,HyperX,company,,,0.1887057084547615,14
9296,9296,144319289015411,Tennis-Point.it,company,,,0.1713908679003493,12
9328,9328,228756384520,Skyscanner,company,,,0.2139436123515801,50
9344,9344,250677251634542,Mi,company,,,0.2026077782486767,14
9459,9459,264220843621571,L'OCCITANE en Provence,company,,,0.1870701856631421,47
9477,9477,839764049423558,Rep. Ruben Gallego,politician,,,0.2196168507477275,34
9489,9489,308135689228837,Tennis-Point.fr,company,,,0.1713908679003493,12
9500,9500,140257382722811,Fairfield Inn & Suites by Marriott,company,,,0.2018451643040658,50
9537,9537,655193467874666,Manfred Haimbuchner,politician,,,0.1743296505493141,46
9553,9553,143269652360593,Fulvio Martusciello,politician,,,0.2233743252244281,40
9622,9622,137897666244218,Lebara,company,,,0.1650930572597888,14
9627,9627,229011277115014,Ocean Spray,company,,,0.1996162081004966,12
9629,9629,50538245770,Dr. Birgit Malecha-Nissen,politician,,,0.1958782658727737,24
9672,9672,82414235393,DeMarini Sports,company,,,0.2183682394674182,12
9696,9696,279490782064463,U. S. Coast Guard Cutter RICHARD ETHERIDGE,government,,,0.2282275266632808,30
9702,9702,338950451036,The Inbetweeners,tvshow,,,0.2213411090205195,12
9753,9753,138451972078,MAFIOSA,tvshow,,,0.1788392046992152,18
9770,9770,131841153527843,Thalassa,tvshow,,,0.1978723591626817,21
9776,9776,257737120903210,GENERALI,company,,,0.1873509547235887,50
9795,9795,749037411843427,Gogglebox Australia,tvshow,,,0.1672833669602507,39
9811,9811,180146548666495,TAKIS,company,,,0.1707422718015745,52
9815,9815,150987844972682,Estonian Embassy in Dublin,government,,,0.1973405703545613,46
9857,9857,453782157999488,Elena Valenciano,politician,,,0.2263240597111142,46
9912,9912,127442750763418,Marcos Montes Cordeiro,politician,,,0.1925859261163966,55
9955,9955,126481964036626,Starbucks España,company,,,0.2138214554209529,12
9963,9963,148191295247110,Magic City,tvshow,,,0.1918721819920754,12
9981,9981,199204958790,Gesundheit!,tvshow,,,0.2146405303681626,24
10010,10010,171059079574165,Suruhanjaya Pengangkutan Awam Darat - SPAD,government,,,0.1830468431771894,31
10011,10011,446665498749039,Permanent Mission of Sweden in Geneva,government,,,0.214658985602782,46
10076,10076,297511463596014,Matthew Bourke,politician,,,0.2072766856394313,39
10097,10097,104722036323226,Story County Emergency Management,government,,,0.2321873288485186,34
10156,10156,432117366821724,Governo de Alagoas,government,,,0.1896022142338784,55
10181,10181,26923332720,Jean-Louis Borloo,politician,,,0.2110003005033431,21
10197,10197,115035042976,Visita Olanda,company,,,0.2097162591002426,50
10209,10209,498365265083,Safaricom Limited,company,,,0.2252260379703694,28
10217,10217,109882592443939,Silke Gajek,politician,,,0.2064159922096772,24
10218,10218,155527374468321,MEDION Deutschland,company,,,0.2071696617092488,14
10279,10279,436079483188621,Амбасада Канаде у Србији и у Црној Гори / Амбасада на Канада во Македонија,government,,,0.2219862079867217,58
10302,10302,201368479885565,Sächsisches Staatsministerium des Innern,government,,,0.215265669010711,44
10313,10313,114522715289111,Uncle Ben's U.S.A.,company,,,0.1975991557470759,12
10332,10332,144977553679,Nokia Global Careers,company,,,0.2155858111933066,14
10342,10342,291967707603451,WD,company,,,0.1996463605345464,14
10354,10354,439214109456034,Disney Store,company,,,0.2048446502807964,12
10369,10369,248404171920331,Philippe Courard,politician,,,0.183405436290915,53
10385,10385,592335790831343,Le Protecteur du citoyen,government,,,0.2027028246141077,5
10413,10413,354732477871927,Skyscanner,company,,,0.2180588309507865,50
10421,10421,165586366789447,Ignacio Diego Cantabria,politician,,,0.2156375362291022,46
10427,10427,172916832761689,Lebara,company,,,0.1650930572597888,14
10464,10464,1375993365821383,Marco Buschmann,politician,,,0.1846291639961215,44
10470,10470,216331155420,Starbucks Deutschland,company,,,0.2246832595022149,12
10494,10494,95314278455,Vistaprint,company,,,0.1552702319828068,14
10513,10513,114519401920620,Ewa Klamt,politician,,,0.2082912313553901,44
10516,10516,173196886046831,משה (בוגי) יעלון - Moshe (Bogie) Ya'alon,politician,,,0.2256739383712988,48
10523,10523,107538159288000,ASICS,company,,,0.1955952121871599,12
10585,10585,206998479337807,House Committee on Appropriations - Republicans,government,,,0.2330857486669847,43
10587,10587,154647221270869,KFC,company,,,0.2027156261277517,12
10644,10644,513723182053862,Hollanda Baskonsolosluğu Istanbul,government,,,0.2178790993541881,46
10687,10687,273811535990561,Lenexa Police Department,government,,,0.2144213610207178,34
10744,10744,317113615022843,César Acuña,politician,,,0.2059184720847538,33
10755,10755,57693928215,Cory Bernardi,politician,,,0.206936884664622,39
10790,10790,168303589921940,RTA Dubai,government,,,0.210381925262872,50
10807,10807,1384415948471217,Ambassade du Canada en Haïti,government,,,0.2251244902662137,58
10826,10826,357974317562844,Inside Story on Al Jazeera America,tvshow,,,0.1847187168589021,9
10838,10838,16424074238,Mike and Ike,company,,,0.2072824221849111,12
10868,10868,120349958044748,Activia,company,,,0.1778384581898769,12
10870,10870,513876421999699,Rockford Illinois Police Department,government,,,0.2178875506681406,34
10938,10938,53564822412,Ghost Adventures,tvshow,,,0.1915826092888021,12
10971,10971,29412851044,V8,company,,,0.2143190988086494,12
10983,10983,137746666253194,Ann Kirkpatrick,politician,,,0.200924634259756,28
11001,11001,365238896917969,Microsoft,company,,,0.2164956400250517,14
11006,11006,229017740475871,Cornelia Möhring,politician,,,0.1862221006655229,24
11028,11028,163364503715353,Microsoft,company,,,0.2172387121724838,14
11070,11070,106953139388043,Lake County Workforce Development,government,,,0.2031904215009811,34
11076,11076,590286144372387,Kedutaan Besar Prancis di Jakarta,government,,,0.2268633509016377,21
11120,11120,61025451835,Marshalls,company,,,0.215985773334615,12
11146,11146,235097883181018,PEOPLE MAKE GLASGOW,company,,,0.2225799421484328,50
11171,11171,144669579050954,15th Signal Brigade,government,,,0.2330325658577058,30
11175,11175,118743991484371,teach.NSW,government,,,0.2097573726416415,39
11202,11202,160513344045084,John Neely Kennedy,politician,,,0.2076809316942416,34
11203,11203,41371533341,ConnectSafely,company,,,0.2343474587761657,34
11211,11211,370549906309170,ActionSprout,company,,,0.2636649534135981,28
11220,11220,160640413958253,Samsung Mobile NL,company,,,0.172920931521187,14
11264,11264,118502808256750,Best Ink,tvshow,,,0.1714314053117871,20
11270,11270,623230457774334,יובל שטייניץ,politician,,,0.2074968139925752,48
11281,11281,1544112802529578,Alameda County Family Justice Center,government,,,0.2100632929143722,34
11316,11316,244476505719157,Alessandro Zan,politician,,,0.2010091160393984,40
11377,11377,432834280061972,Mariusz Błaszczak,politician,,,0.1871091310321855,46
11406,11406,108755585827476,SmartBuyGlasses,company,,,0.2079404007218546,12
11433,11433,64587465451,Gwent Police,government,,,0.2073895626811393,36
11479,11479,177501412295528,Valor afegit,tvshow,,,0.2249261724811051,35
11486,11486,237897949571903,Victory Motorcycles,company,,,0.173814496789665,6
11518,11518,112564355433435,Chiclets,company,,,0.1782292096328965,12
11529,11529,148279038525608,Ministry of Education UAE,government,,,0.1951297883611668,50
11533,11533,155250941203968,Tabasco,company,,,0.185893935633325,12
11539,11539,100253456827403,Bosch Herramientas Eléctricas Profesionales y Accesorios,company,,,0.1978601620288834,25
11559,11559,1454111768151103,LamaLoLi,company,,,0.2165979023675484,12
11581,11581,258741211202716,Tiempos de guerra,tvshow,,,0.1542744931098645,35
11598,11598,122459227784392,Erste Bank und Sparkasse,company,,,0.2078499935246341,50
11606,11606,297928983783,Monster Energy Music,company,,,0.2077442976413916,49
11620,11620,361274770692,Novotel,company,,,0.2003459621403286,50
11621,11621,703315986384134,Margot Wallström,politician,,,0.2315222207338561,12
11626,11626,119379298074841,"City Offices of Harrisburg, South Dakota",government,,,0.2288598260302715,34
11646,11646,243985581390,Microsoft Imagine United Kingdom,company,,,0.223523208849804,14
11658,11658,287058614715780,ENGIE,company,,,0.2431973157268102,46
11660,11660,121890267891079,Sábado Deluxe,tvshow,,,0.1732729768496383,53
11666,11666,115677711795604,Annick Lepetit,politician,,,0.2254384556728338,21
11711,11711,23221995011,MercadoLibre.com,company,,,0.2135146435562651,52
11724,11724,110693025319,الإتجاه المعاكس,tvshow,,,0.1742715095671328,9
11736,11736,134548256687679,Joint Congressional Committee on Inaugural Ceremonies,government,,,0.2361404504419291,30
11743,11743,37189092955,Bondi Rescue Lifeguards,tvshow,,,0.2067426689117693,12
11751,11751,148972458509943,Buondi,company,,,0.168076718804934,33
11758,11758,1536943376533126,"Michaela Kaniber, MdL",politician,,,0.2175752880797908,44
11765,11765,10098929349,Pepsi Max,company,,,0.2056037993100482,12
11767,11767,44746457369,Rick Santorum,politician,,,0.2093625665060892,43
11773,11773,288359155374,City of Tampa Government,government,,,0.226918338079945,34
11783,11783,401072133408451,Australia's Federation Guard,government,,,0.215676863859319,30
11791,11791,200567806789334,Todo va bien,tvshow,,,0.1640276530664389,53
11800,11800,64773129977,Nike+ Run Club,company,,,0.1978706166229283,12
11807,11807,319861065494,John Tory,politician,,,0.2044569411079566,58
11817,11817,208881202530110,Turkish Consulate General in New York - T.C. New York Başkonsolosluğu,government,,,0.2048017063011001,17
11820,11820,311223189014339,Dr. Chris Pet Vet,tvshow,,,0.2117779013544209,12
11826,11826,127879353894732,Delegate Ariana Kelly,politician,,,0.211783889758139,34
11829,11829,101358860011359,ESET,company,,,0.18257237809684,22
11839,11839,139809179397099,Marek Krząkała,politician,,,0.2133950025167865,46
11875,11875,130312734730,Great Day TB,tvshow,,,0.2175184177662468,12
11881,11881,600300673472175,Ann Linde,politician,,,0.1982407227682589,46
11906,11906,373258225771,Mountain Dew UK,company,,,0.1959961618981158,12
11920,11920,119256268114069,Altra Running,company,,,0.1858585691479242,12
11932,11932,144020637866,QNB Group,company,,,0.2476823528114906,22
11939,11939,163898390317249,Toros Teletica,tvshow,,,0.1869876750746902,57
11940,11940,485710591592643,Tomás Guanipa,politician,,,0.2063723869355964,57
11945,11945,380151205497045,Torbjørn Røe Isaksen,politician,,,0.1857402661816979,42
11975,11975,214530788704647,Euronews Italiano,company,,,0.235800940307279,34
11987,11987,212556417354,Australia's Next Top Model,tvshow,,,0.1948911440714719,49
12080,12080,524783437580870,Outlander,tvshow,,,0.2027137972410931,12
12104,12104,197657587255970,United States Secret Service,government,,,0.2366552915402763,30
12182,12182,113329682025359,Centro Cultural de la Memoria Haroldo Conti,government,,,0.1851281206228887,57
12242,12242,208566032501821,文部科学省 MEXT,government,,,0.2065146460050918,50
12281,12281,379973742136545,Karl McCartney,politician,,,0.218502022716664,36
12289,12289,54148959489,"City of Overland Park, KS Government",government,,,0.1949046685518988,34
12291,12291,103080143064325,SHARK Energy,company,,,0.132445607644108,14
12335,12335,243347219516793,Exathlon Brasil,tvshow,,,0.1788876150441068,55
12342,12342,288446897950102,Twisted,tvshow,,,0.1751258748889339,49
12346,12346,195508923829660,財務省,government,,,0.1971345347347733,50
12366,12366,176247180769,The Online Project,company,,,0.1813947104982723,22
12369,12369,1435123426758119,Televisa,company,,,0.195479498534056,50
12390,12390,69906173480,Wawa,company,,,0.215284231907942,12
12400,12400,224316874264139,HYATT Hotels,company,,,0.2251425364983617,50
12410,12410,393008104050284,Facebook,company,,,0.2526792843246404,22
12413,12413,1515913245398974,Embassy of Switzerland in Bangkok,government,,,0.1969151220367205,50
12434,12434,284814671580836,T.C. Rotterdam Başkonsolosluğu/ Consulaat van Turkije in Rotterdam,government,,,0.1790344300045418,17
12441,12441,538181212933808,Beltrami County Sheriff's Office,government,,,0.200598160878493,34
12453,12453,1046314848718543,The Late Late Show with James Corden,tvshow,,,0.2239799834524557,12
12466,12466,122524771192559,FlyScoot,company,,,0.2058543289051763,50
12525,12525,168468263243635,Sylviane Bulteau,politician,,,0.2261828065230521,21
12554,12554,512305502130115,La Grande Librairie,tvshow,,,0.2135755294475495,21
12559,12559,865293303582674,Embajada de la República Argentina en Alemania,government,,,0.1956957218506131,57
12596,12596,176257659080745,Hellas Direct,company,,,0.209951410951224,50
12612,12612,1451117221810255,Mąż czy nie mąż TVN,tvshow,,,0.1554087702310139,14
12636,12636,312185992155272,T.C. Tunus Büyükelçiliği - Ambassade de Turquie en Tunisie,government,,,0.1852227388135984,17
12637,12637,340189926157676,Jeppe Bruus,politician,,,0.1870110197423178,42
12657,12657,1392647120982203,Omi's Apfelstrudel,company,,,0.1716802799575173,14
12691,12691,468241373195655,Luciano Cartaxo,politician,,,0.2023778428281918,55
12702,12702,189969631057976,ASUS Republic of Gamers,company,,,0.1755034133691594,14
12709,12709,171716762964322,Bugaboo,company,,,0.1944963817042346,12
12712,12712,312123962134892,林鴻池,politician,,,0.1995559305475376,16
12715,12715,371802832998769,tvN 수요미식회,tvshow,,,0.1838285826488202,22
12716,12716,1595039567375763,Leela Sharon Aheer,politician,,,0.1958372917992208,58
12744,12744,114397275249770,Die Fallers - Geplauder mit Giacomo,tvshow,,,0.1857494791838894,24
12768,12768,699937893356056,Museo de Arte Moderno de Buenos Aires,government,,,0.1932916967757475,57
12788,12788,114947288568415,Laura Rojas,politician,,,0.2053407418915584,52
12805,12805,142164885803666,Fly Buys NZ,company,,,0.2117459689199249,50
12816,12816,158570107540143,"City of Boca Raton, FL Government",government,,,0.225825904298622,34
12835,12835,149283068422798,Quaker Canada,company,,,0.1999341531561994,12
12844,12844,258775160886010,Shopping Queen,tvshow,,,0.1626773819866782,8
12882,12882,790705520939896,Zezinho Albuquerque,politician,,,0.1966841446441233,55
12888,12888,118316431545225,Ruta N,government,,,0.2081908732916377,33
12910,12910,194823885796,Mimco,company,,,0.2027101395667746,12
12944,12944,556317144486985,Naturalizer México,company,,,0.1582702900694532,12
12952,12952,146805835404387,70th BSB Official,government,,,0.2317156175233066,30
12955,12955,129221017113705,McDonald's,company,,,0.1977400135528782,51
13000,13000,48561231088,The City,tvshow,,,0.1902411352321604,49
13040,13040,313842111853,Patrick McHenry,politician,,,0.2101870907390084,43
13047,13047,464751660275087,TOP CHEF Polska,tvshow,,,0.1910613004991454,53
13048,13048,136000283132824,Congressman Patrick Meehan,government,,,0.216608342732645,43
13050,13050,541412162573718,Charlie Flanagan,politician,,,0.2111549666384738,46
13065,13065,219165858131533,謝龍介,politician,,,0.179954989227849,16
13068,13068,178566888854999,Ministry of Transport Malaysia,government,,,0.1920246814402064,31
13070,13070,93496972763,Tastykake,company,,,0.2220673841926844,12
13082,13082,743972319041028,Jorge Suárez,politician,,,0.2199565353590727,57
13110,13110,421530837882447,Orphan Black,tvshow,,,0.2166062545791077,12
13117,13117,111419928909410,Microsoft Imagine,company,,,0.203243722411173,14
13180,13180,9481787170,ModCloth,company,,,0.2176996637955256,12
13187,13187,322004096814,Samsung,company,,,0.1651950152556703,14
13191,13191,487921351235396,Philippine Information Agency,government,,,0.2133261177096091,11
13195,13195,1025528920840018,Amigos de Walter Torres Maldonado,politician,,,0.2109903937347994,57
13220,13220,238268972963729,Shop Spring,company,,,0.2136892760680184,12
13247,13247,134970496554973,Columbia Sportswear,company,,,0.2208841658228719,58
13281,13281,154420591281162,Manulife,company,,,0.1931637451534976,58
13298,13298,466287346850150,Pyramide,tvshow,,,0.1619364045202952,21
13306,13306,350181408479353,Shark Tank Australia,tvshow,,,0.2038226382916961,39
13338,13338,519251304880343,Polizei Bremerhaven,government,,,0.2152120608405808,24
13359,13359,103032366405927,Hoka One One,company,,,0.2100790051890982,12
13409,13409,416777451772344,Pacific Armies Chiefs Conference/ Pacific Armies Management Seminar,government,,,0.2295472191573699,30
13417,13417,155911294501964,The West Block,tvshow,,,0.2076674954019058,12
13421,13421,41913326037,Antony Morato,company,,,0.2460118467585648,12
13469,13469,239172972878478,Jane Dodds for Montgomeryshire,politician,,,0.175140890631455,36
13481,13481,106565739431026,Paloma Guillén,politician,,,0.179014460423057,52
13489,13489,138191116212942,Carman's Kitchen,company,,,0.2351469864891735,12
13492,13492,204616842975961,"Officer Cadet School, Singapore",government,,,0.200212072068861,31
13548,13548,2109784355914899,Édouard Philippe,politician,,,0.217826293492065,21
13601,13601,190794564365488,Embassy of  the Republic of Poland in New Delhi,government,,,0.2121338003568764,46
13605,13605,514745615227926,NOAA Hydrometeorology Testbed - HMT,government,,,0.208244900228922,34
13614,13614,228289846323,Sunday Best,tvshow,,,0.1781981124593544,12
13622,13622,167753616628814,Tabasco,company,,,0.189914716298569,12
13648,13648,383714768362632,ABB,company,,,0.1924457196693931,31
13662,13662,292818157542583,Birch Lane,company,,,0.1826866788083777,12
13666,13666,1778237112425664,Gereon Wolters,politician,,,0.1948286177564664,24
13677,13677,115208605179111,Baggage On The Road,tvshow,,,0.1882661482902796,12
13682,13682,341974555893,Texas Film Commission,government,,,0.2041318785147768,43
13722,13722,995928093803753,Slovenské predsedníctvo v Rade EÚ,government,,,0.2196576433899365,46
13732,13732,746035402087822,China Southern Airlines,company,,,0.2071543815977504,50
13736,13736,132411360124311,432nd Civil Affairs Battalion,government,,,0.2284526145618333,30
13744,13744,165454213498098,The Avenues Kuwait,company,,,0.2167420683534779,12
13746,13746,127785470597704,Drury Outdoors,tvshow,,,0.1896102142597952,6
13756,13756,101073067465,Ramiro Tagliaferro,politician,,,0.2111490137483202,57
13777,13777,116759901675018,Al Punto,tvshow,,,0.2526139455399905,12
13785,13785,148253598653018,Prakash Javadekar,politician,,,0.2105810684161199,59
13876,13876,176753019035431,L'OCCITANE en Provence,company,,,0.1888944934846574,47
13877,13877,342813445758760,XXL Sports & Outdoor,company,,,0.2081870152973769,12
13889,13889,1534515230121798,Piekielny Hotel TVN,tvshow,,,0.1777892071530305,14
13943,13943,726953324158933,William à midi,tvshow,,,0.2215222320812382,21
13964,13964,109651927078,TK Maxx,company,,,0.2244812324538179,12
13965,13965,204925018153,WCHE 1520 AM Radio,company,,,0.2163330541193688,12
13981,13981,172869829435473,BLACK LABEL Bacon,company,,,0.2117519555178588,12
13983,13983,156027747803224,Starbucks Portugal,company,,,0.213494355972787,12
13993,13993,751187041558643,Requião Filho,politician,,,0.1945603796131133,55
14007,14007,244784245612709,陳學聖,politician,,,0.1983947586840199,16
14034,14034,1546602422298022,Gordon Ramsay MLA,politician,,,0.194538480852648,39
14042,14042,104661046239530,NESTLE Drumstick Philippines,company,,,0.14147284381257,60
14070,14070,946318788764054,ABLE TN,government,,,0.2053351123133441,34
14097,14097,23432176102,Orville Redenbacher's,company,,,0.2151935103866376,12
14118,14118,143547933246,Matthew Kellway,politician,,,0.2036600619980784,58
14120,14120,418552364899083,Knife Fight,tvshow,,,0.1982459700544384,12
14135,14135,218909551469183,Jaguar,company,,,0.1842884443460216,25
14143,14143,374665672630937,Indian Council of Agricultural Research,government,,,0.231973983068346,59
14165,14165,198963926835939,Ambasada RP w Tokio  ポーランド大使館,government,,,0.2123182174681319,46
14172,14172,418204891652851,NOAA Ship Pisces,government,,,0.2104863791359088,34
14202,14202,46665999177,Doritos,company,,,0.2002656066169917,39
14268,14268,273666749408271,Alfred Sauter,politician,,,0.218378851200311,44
14278,14278,596178707129392,Hildegarde Naughton,politician,,,0.2608337299606468,46
14283,14283,292576020767807,WD,company,,,0.2036139228461908,14
14287,14287,719825781367883,Ambassade du Canada au Maroc et en Mauritanie,government,,,0.2068016566958122,58
14291,14291,435041563223134,David Smolansky Urosa,politician,,,0.2129339183669601,57
14306,14306,134587129898134,זרוע היבשה Israeli Ground Forces,government,,,0.2222606906511825,48
14349,14349,166372930069802,Kevin Humphreys,politician,,,0.2058826224400971,12
14373,14373,133517956719978,Most Eligible: Dallas,tvshow,,,0.1858662563695321,12
14377,14377,290348171044208,DuPont,company,,,0.2265202838938624,28
14387,14387,371974251928,Danone España,company,,,0.1682000224576112,12
14406,14406,65926768071,Aspen Dental,company,,,0.2269687664148046,34
14425,14425,439160296154637,Marek Plura,politician,,,0.2245619996601937,46
14438,14438,679874252101695,QVC Style,company,,,0.2053951770663839,12
14479,14479,102945149789858,Avonmore Milk,company,,,0.1821195542046605,12
14500,14500,174005790423,Web.com,company,,,0.2482323567104158,12
14581,14581,1600641610196928,"City of Lacey, Washington - Government",government,,,0.2122199554195473,30
14588,14588,624413097633746,Yves Jégo,politician,,,0.2112740949694405,21
14599,14599,15221804966,Sir Alan Haselhurst,politician,,,0.2061357235254722,36
14615,14615,414969545271332,Hora do Faro,tvshow,,,0.1463625941269965,55
14639,14639,173452976040049,Lee Yi Shyan,politician,,,0.1925859261163966,31
14672,14672,368634453338332,Thomas Danielsen,politician,,,0.1939859101426252,42
14699,14699,319399994763548,300Polityka,company,,,0.188875439215884,46
14713,14713,381214351927610,Internet Association,company,,,0.2502673201158387,12
14771,14771,215696058884,VisitSweden,company,,,0.2124808503394927,50
14785,14785,459974514027058,CinéTFO,tvshow,,,0.200138954456786,58
14817,14817,2105865069439606,Senator Jordon Steele-John,politician,,,0.1875652166654145,39
14819,14819,135376382586,Golf Galaxy,company,,,0.2025675931518828,12
14835,14835,179888448711330,NITI Aayog,government,,,0.1902024853553652,59
14867,14867,99067927679,Salomon Nordic,company,,,0.1828145086488861,12
14896,14896,148785901841216,momondo,company,,,0.2224807659936827,50
14916,14916,151139822481,Univision Nueva York,tvshow,,,0.2477096585710033,12
14920,14920,26145041308,Northumbria Police,government,,,0.200850995360645,36
14922,14922,147952741280,One&Only Resorts,company,,,0.2191370667290849,50
15028,15028,267579499982000,Adam Kwiatkowski,politician,,,0.1826035368311553,46
15038,15038,1425104357731529,Paul Brannen MEP,politician,,,0.206522238664669,36
15061,15061,1961537310797068,NHS,government,,,0.2137278962037116,36
15065,15065,243667695676692,Nutella,company,,,0.1922349700127477,1
15101,15101,372930172809791,Stephan Knoll,politician,,,0.2143886264968274,39
15118,15118,219193984789939,How It's Made,tvshow,,,0.220422618113326,12
15121,15121,537034336345332,Sandmann und Freunde,tvshow,,,0.1846079269094255,24
15125,15125,507636606021062,Tom Behnke,politician,,,0.2001371717675562,42
15155,15155,332692041237,Nadhim Zahawi MP,politician,,,0.2211254576231154,36
15162,15162,396228800392740,Duets,tvshow,,,0.1946935627821536,12
15166,15166,486203081469505,Johannes Vogel,politician,,,0.1859570136308336,44
15168,15168,435278906568260,Matthias Zimmer,politician,,,0.2137685640620689,44
15172,15172,118429394841173,My Little Pony,company,,,0.2231347507870145,12
15173,15173,480287305303,T-Systems Multimedia Solutions,company,,,0.2134091902057253,14
15178,15178,250334068452972,Paulão,politician,,,0.1986930069682713,55
15190,15190,172176019467911,Irish Aid,government,,,0.2209840966983683,46
15198,15198,206261246078617,Origin Energy,company,,,0.2162872406988497,39
15226,15226,116175691755266,Silvano Aureoles Conejo,politician,,,0.1950146245779702,52
15270,15270,686040761413498,Ganesh Singh,politician,,,0.2024544299577412,59
15319,15319,191005040953344,Abdullah Gül,politician,,,0.2030288518013174,17
15324,15324,158037020946442,ISU ARAD,government,,,0.1862344486900015,19
15348,15348,121878631215798,Great Eastern Singapore,company,,,0.210865648109914,31
15370,15370,170000993071234,Stop & Shop,company,,,0.2186168246122711,12
15378,15378,163138753704089,ESET,company,,,0.1862931241760701,22
15382,15382,255931014443717,INFINITI,company,,,0.1769547001008064,25
15409,15409,340388882723039,Running Wild with Bear Grylls,tvshow,,,0.2177777347006028,12
15412,15412,1418934054990057,Ali Manjalamkuzhi,politician,,,0.1677905474531592,59
15417,15417,401437056878633,Embassy of Switzerland in Jordan,government,,,0.1988970327880461,50
15441,15441,125259094208858,Mon Chéri,company,,,0.1684648547328959,1
15521,15521,906121526161994,U.S. Attorney's Office for the Southern District of New York,government,,,0.2258349833656639,30
15525,15525,112555392152153,Swedint,government,,,0.1870188025935759,56
15527,15527,8277307998,羅健熙 Lo Kin Hei,politician,,,0.2406241298806999,16
15538,15538,273030804247,VisitSweden,company,,,0.2164435025527405,50
15577,15577,550756068274937,Sergio Zveiter,politician,,,0.1954352912524245,55
15614,15614,51777680227,Beaches Resorts,company,,,0.2115486009113847,50
15617,15617,192487664120636,The Official Chip Foose,company,,,0.2197629154359265,12
15618,15618,603742072992573,Telenor Myanmar,company,,,0.2014578775598034,14
15629,15629,136660759449,Dr. Jörg Geerlings,politician,,,0.2155837427080135,44
15636,15636,294030594066589,Embassy of Denmark in Egypt,government,,,0.2041096263728277,46
15646,15646,1624318981223360,Embajada Argentina en Roma,government,,,0.1990503273358669,57
15667,15667,146451888845830,Easy Taxi,company,,,0.1870001248387499,33
15703,15703,687462478034029,School Director Shae Ashe,politician,,,0.2495418753678879,28
15733,15733,327888130585804,Caltrans District 1,government,,,0.2271316654030831,34
15740,15740,266300566713568,Adolfo Mesquita Nunes,politician,,,0.2078269234326729,46
15751,15751,107767562614008,Panamericana,company,,,0.2215659205206587,14
15765,15765,496840017032487,Tatiana Basilio,politician,,,0.1736117013467675,40
15791,15791,150256011687260,Canal Digital Norge,company,,,0.1814327933980394,14
15792,15792,134837548388,ShopAtHome.com,company,,,0.2135674093224849,12
15793,15793,144722518914405,Prominent!,tvshow,,,0.1444032416660775,8
15848,15848,228595113833985,Sun Life Financial Canada,company,,,0.1936415188651602,58
15860,15860,249117465163286,ABB,company,,,0.1919574206335645,31
15873,15873,109391162488374,盧秀燕,politician,,,0.1973475034034517,16
15888,15888,958478330869343,Dietmar Brockes,politician,,,0.1869223410007903,44
15910,15910,171171406263955,Marks and Spencer,company,,,0.1732061916067959,14
15915,15915,462969107101338,Oroweat Bread,company,,,0.2258849312865056,12
15922,15922,231256850282149,Rubens Pereira Jr,politician,,,0.1919508611262985,55
15927,15927,316744775358,Fanbooster,company,,,0.1961484404326457,14
15981,15981,847507515357000,Consulatul General al României la Izmir,government,,,0.2084844998283429,19
15995,15995,750501668304752,Milan Chovanec,politician,,,0.2191669918064767,46
16057,16057,352517808109574,Daniel Zolnikov,politician,,,0.1933665522078503,43
16066,16066,407608389253146,Unilever Careers,company,,,0.162174841932038,12
16098,16098,518673348278403,Fremont Patterson House,government,,,0.1832424012591849,34
16099,16099,163154081925,Frédéric Lefebvre,politician,,,0.2201655969820195,21
16144,16144,86611900672,Johnny Isakson,politician,,,0.2257827886972949,43
16201,16201,102332453140868,iguama.com,company,,,0.2134172983036036,12
16229,16229,350355660536,Oponeo,company,,,0.1558118247507038,25
16259,16259,166847860029994,Volkswagen,company,,,0.2015518478650879,25
16272,16272,106801366022730,Olá Gelados,company,,,0.1863672934482386,12
16294,16294,649350345112186,Ontario Ministry of Natural Resources and Forestry,government,,,0.2036249943359463,58
16327,16327,280971118688976,T.C. Bordeaux Başkonsolosluğu / Consulat Général de Turquie à Bordeaux,government,,,0.1852151047290892,17
16332,16332,113219855366880,Sage,company,,,0.2048745349770224,12
16341,16341,139331629464336,EDF,company,,,0.2253367163759991,21
16345,16345,520229128092446,Ronan Farrow Daily,tvshow,,,0.2431788910895375,28
16359,16359,1560475530869567,Les Jones,politician,,,0.1904878979271756,36
16364,16364,140739362667353,Airtel Nigeria,company,,,0.1821786192078485,14
16374,16374,339982796045178,Devious Maids,tvshow,,,0.204356525693497,12
16378,16378,288910434483079,Nachtcafé - Die SWR Talkshow,tvshow,,,0.1936648853645923,24
16419,16419,285616251517956,Nestlé Buona la Vita,company,,,0.1794791916287243,12
16443,16443,117817371573308,Delhi Traffic Police,government,,,0.2085406147906147,59
16459,16459,163565280410742,Sherlock,tvshow,,,0.2167985333847935,12
16497,16497,181688791842035,Ahmad Zia Massoud,politician,,,0.1975852547529854,21
16503,16503,194742463937795,Bayer Carreiras,company,,,0.1992904341655949,33
16526,16526,481960425340225,Ambassade de Suisse en Algérie,government,,,0.1959158405050267,50
16537,16537,144701668965738,dm drogerie markt Slovenija,company,,,0.1728836772694397,14
16542,16542,60008807795,Menulog,company,,,0.2084690251528562,39
16546,16546,157953284291964,Nus et Culottés,tvshow,,,0.1760686439681855,21
16553,16553,142197009137038,Neil Bibby,politician,,,0.1783296427692723,36
16572,16572,675483955936731,Julian Leeser MP,politician,,,0.2167922580396167,39
16588,16588,115202078522891,Crocs,company,,,0.1842128995761357,12
16593,16593,1382464325336597,NCAT NSW,government,,,0.2092299956233878,39
16628,16628,156867614437674,Die Komiker,tvshow,,,0.218908623259711,24
16638,16638,39673929668,Kasim Reed,politician,,,0.2421593774922941,28
16662,16662,198016716881631,"Seabrook, Texas - Your City Government",government,,,0.2221947529246561,34
16663,16663,10150155272765160,ARTE Philosophie,tvshow,,,0.2078499935246341,24
16695,16695,147698781962034,Vueling,company,,,0.2084342155307563,50
16698,16698,306387926844,U.S. Currency Education Program,government,,,0.2332188119531258,28
16700,16700,144320402276161,Microsoft Developer,company,,,0.223926410938699,14
16711,16711,124585033559,DR2 Dokumania,tvshow,,,0.1901364947999966,42
16717,16717,452935231455081,Senador Wilder Morais,politician,,,0.2165144156645081,55
16804,16804,347237098700920,"Mars, Incorporated",company,,,0.1977400135528782,12
16810,16810,239575282729095,Porto Maravilha,government,,,0.1956326782931225,55
16858,16858,132075973493014,Breakfast Television Calgary,tvshow,,,0.2065260352038237,12
16875,16875,170382339689184,L'OCCITANE en Provence,company,,,0.1997937062626154,47
16882,16882,1420108838256976,Embassy of Canada to Guatemala,government,,,0.2184446669712908,58
16911,16911,302398243193267,Нафтали Беннет,politician,,,0.1953639217118362,48
16915,16915,81862836665,Staples,company,,,0.2233765459100489,12
16935,16935,174193116103156,Basic Military Training Centre,government,,,0.2170540389111072,31
16940,16940,1247385841943048,Viddsee Motivasi,company,,,0.1586726551134838,31
16949,16949,321527857696,REDValentino,company,,,0.248482167542162,12
16953,16953,133557895720,Fernando Chiu-hung Cheung 張超雄,politician,,,0.1420326683354825,16
16980,16980,656283287735059,Federico Vargas Rodríguez,politician,,,0.1860848392493333,52
16983,16983,64615924345,CyberLink,company,,,0.2158633477120541,14
16986,16986,132398253471168,Lebara,company,,,0.1650930572597888,14
17006,17006,130929705668,Municipalidad de Córdoba,government,,,0.1869347820661081,57
17032,17032,156803551183617,T.C. Bişkek Büyükelçiliği,government,,,0.1855853177061393,17
17035,17035,36795564812,City of Decatur  GA- Government,government,,,0.2123583505817195,34
17064,17064,181910198526096,Movistar MX,company,,,0.2059769904203144,33
17096,17096,1447433522168771,Embajada de Canadá para Paraguay,government,,,0.2214807440191623,58
17101,17101,503567149679565,MediaMarkt Sverige,company,,,0.1928388132203884,14
17140,17140,90540788579,Roaming Hunger,company,,,0.2220586055245342,12
17164,17164,35320546458,Stradivarius,company,,,0.2063648052902277,12
17184,17184,102659973104852,Kcell,company,,,0.1768502412417061,14
17213,17213,76817024278,Iwantoneofthose.com,company,,,0.1933898523905839,12
17225,17225,106867967298,Outward Bound Singapore ( OBS ),government,,,0.1886423360115524,31
17246,17246,178817975673,Popular,company,,,0.2206434000432075,12
17249,17249,138557113728,o2 Deutschland,company,,,0.1847384605265321,14
17262,17262,122555694564773,彰化縣消防局,government,,,0.1841600550783555,16
17291,17291,648879858566642,삼시세끼,tvshow,,,0.2190409343042923,22
17315,17315,183056788398345,Ministère de l'éducation Tunisie (page officielle),government,,,0.1747282143801421,35
17348,17348,175586139120550,Miguel Márquez Márquez,politician,,,0.2467358480206446,52
17363,17363,136188319811274,Thermo Fisher Scientific Latin America,company,,,0.1891282206678282,34
17372,17372,553328368142057,Philippe Lamberts,politician,,,0.2244879608352482,24
17380,17380,1638752696387328,Cláudio Cajado,politician,,,0.1930193801113325,55
17405,17405,113590519612,PULS 4 NEWS,tvshow,,,0.1827163907230914,53
17414,17414,152018324866903,Міністерство фінансів України,government,,,0.190189605552734,19
17433,17433,1428262624085928,Kapil Sibal,politician,,,0.2008061200779309,59
17450,17450,245231241168,The Aaron Harber Show,tvshow,,,0.2432078453445327,28
17451,17451,102876919778296,Visita la República Checa,government,,,0.2264403841696312,50
17461,17461,1222827374397414,BA Capital Gastronómica,government,,,0.1899355864004463,57
17498,17498,371921700933,HP Australia,company,,,0.2192867738913179,39
17541,17541,198791993477320,Jaguar,company,,,0.1842869328434106,25
17556,17556,143966835624180,Barcel Mexico,company,,,0.1920640754955679,52
17568,17568,174471819282717,Crocs,company,,,0.2021702552659282,12
17584,17584,112183975526837,Muhyiddin Yassin,politician,,,0.1788036255699768,31
17593,17593,91394656618,Immaculate Baking,company,,,0.2170917874396135,12
17608,17608,180533315991,Guanajuato Gobierno del Estado,government,,,0.2088895913130787,52
17622,17622,238035979585987,Northwestern Indiana Regional Planning Commission,government,,,0.2148806962176636,34
17681,17681,167382600337,Tony Awards,tvshow,,,0.233073659533417,50
17690,17690,376597367457,Citi Handlowy,company,,,0.1986877359908742,23
17698,17698,152351941446339,Jorge Milton Capitanich,politician,,,0.1829574138913769,57
17705,17705,113324482022101,Ville d'Arles,government,,,0.2204031585658933,21
17737,17737,338698079642078,I'm A Celebrity Get Me Out Of Here Australia,tvshow,,,0.1930243546239422,39
17755,17755,158761624193893,Senave Paraguay,government,,,0.2154700371119784,28
17840,17840,68784278588,NRG Energy,company,,,0.2175184177662468,34
17892,17892,334986973269198,Chopped Canada,tvshow,,,0.1993275611227422,12
17898,17898,150930341940449,The Cafe,tvshow,,,0.2073359785918612,50
17914,17914,403427196521735,Ben Morton,politician,,,0.2033853813079882,39
17930,17930,181507605233947,Envoyé spécial,tvshow,,,0.1959431765660018,21
17944,17944,344015529135331,Jornal da EPTV e Bom Dia Cidade - Sul de Minas,tvshow,,,0.1803927550659944,55
17949,17949,677110659075424,Rafael Hernando,politician,,,0.2148704217270727,46
17950,17950,91590282596,Johnsonville,company,,,0.1998399075021123,12
17962,17962,206169562795391,T.C. Hartum Büyükelçiliği,government,,,0.1829186883324107,17
17978,17978,54359477683,Purchasing Power,company,,,0.2182749006693284,12
17981,17981,181850551864760,Gatorade Australia,company,,,0.2135613196338786,39
17985,17985,359118744123296,Decathlon Nederland,company,,,0.1974966818729179,12
17997,17997,255713961168353,Unilever Careers,company,,,0.1980205873021468,12
18014,18014,205238761390,David Mundell MP,politician,,,0.2010271000527865,36
18022,18022,293007130807855,Michael Vietz,politician,,,0.2036323759980424,44
18037,18037,1528337300770406,Tennessee Consolidated Retirement System,government,,,0.1942223413175205,34
18061,18061,1578371195784873,Hidir Gürakar,politician,,,0.1958663133303113,24
18068,18068,992519954091706,Kit Malthouse,politician,,,0.1970152656360974,36
18103,18103,1473758889561895,Alerta Máxima CHV,tvshow,,,0.14687444846092,14
18111,18111,547597092025909,Harald Vilimsky,politician,,,0.2088061185610601,46
18133,18133,226755307360121,Balanço Geral,tvshow,,,0.1463664078378237,55
18135,18135,193382420696960,Pierfrancesco Maran,politician,,,0.1914177642227939,40
18154,18154,590473677688755,"National Health Portal, INDIA",government,,,0.2049305922912752,59
18163,18163,825536000806855,e.on,company,,,0.2025000450620955,25
18169,18169,39329648596,Armani Exchange,company,,,0.2482927044886954,12
18195,18195,26269044060,Alsace,company,,,0.2226769999207167,21
18225,18225,523486791061635,Jon Hoadley,politician,,,0.2033504081669593,28
18231,18231,108995845804175,Bonafont,company,,,0.1877940942940483,12
18272,18272,104139289645297,Indomaret,company,,,0.1959602654782358,50
18302,18302,316960281776479,Jeroen Lenaers,politician,,,0.2099631823873511,46
18303,18303,115058258596193,Jaguar,company,,,0.1914683300525773,25
18309,18309,437476376367469,MK Muneer,politician,,,0.1677905474531592,59
18351,18351,162828467491303,Bernd Althusmann,politician,,,0.2140006666984142,44
18363,18363,66533446146,Spartacus,tvshow,,,0.2210601916530568,12
18367,18367,486864141331632,Viddsee,company,,,0.188586920029544,31
18374,18374,202406810136,MakerBot,company,,,0.2398586617703574,12
18377,18377,122852567732763,Sony Philippines,company,,,0.2065811007116194,14
18402,18402,449664581882455,立法委員 黃國昌,politician,,,0.1962203844239317,16
18430,18430,272698888858,J2O,company,,,0.1928288835680509,12
18466,18466,134300019970833,Arnott's Tim Tam,company,,,0.2232855339911953,39
18520,18520,197836480238522,SanDisk,company,,,0.1829529447208357,14
18543,18543,533495260042236,Sérgio Souza,politician,,,0.207209782728983,55
18574,18574,711431792219244,João Leão,politician,,,0.1833246303971802,55
18610,18610,372693402768584,Camp Roberts Installation Services,government,,,0.2359842040036129,30
18616,18616,254306778010845,Hayes & Jarvis,company,,,0.2174552633871108,50
18632,18632,302167029883776,Choice Hotels,company,,,0.1951043728943072,50
18646,18646,185968621442344,Beltrami County Emergency Management,government,,,0.2272005662571414,34
18649,18649,117987998225710,Durex,company,,,0.1510429621064944,14
18660,18660,421965021500752,Heimatflimmern,tvshow,,,0.1812820202509177,24
18670,18670,185393898191079,ABB,company,,,0.1926172943223804,31
18680,18680,1624724091098501,Deutsche Botschaft Minsk  Пасольства Германіі ў Мінску,government,,,0.2224829689480355,24
18702,18702,306884992751037,FlySAA Kenya,company,,,0.1989674837064324,50
18711,18711,131969380240974,WDR Lokalzeit aus Aachen,tvshow,,,0.2141781370343539,24
18716,18716,298043743589859,Omaze,company,,,0.2029940011564036,12
18803,18803,302253933188824,Soy Vay,company,,,0.2175057839559354,12
18814,18814,147863265269488,Билайн,company,,,0.1294923811060651,10
18834,18834,149670531725617,Pressed Juicery,company,,,0.2064728963546309,12
18843,18843,264181503816,Mara Carfagna,politician,,,0.2023231732024672,40
18875,18875,256655154468792,Easy Taxi,company,,,0.179750561995504,33
18879,18879,410892812277692,Thời sự VTV,tvshow,,,0.1142071475406503,37
18978,18978,264131406977201,John Crombez,politician,,,0.1904911278220986,53
18986,18986,130267217057997,Ethiopian Airlines,company,,,0.237234986063012,50
19035,19035,555496937858109,T.C. Doha Büyükelçiliği,government,,,0.182744625995299,17
19046,19046,467007363340689,Marks and Spencer,company,,,0.1816601583028127,14
19059,19059,126105220733362,Volkswagen,company,,,0.1787965114428494,25
19072,19072,525829497477583,Indiana Department of Transportation,government,,,0.2226350782279559,34
19081,19081,244431162300919,I-Witness,tvshow,,,0.1862622377332526,11
19104,19104,344870473481,Hot In Cleveland,tvshow,,,0.2045183546780991,12
19139,19139,177784642304450,Prefeitura Municipal de Maricá,government,,,0.2023614388385539,55
19154,19154,659297180768949,Ferrero Rocher,company,,,0.1647456483803323,1
19156,19156,346616002028661,Balitanghali,tvshow,,,0.1762592467660833,11
19168,19168,192591924222685,Kingston Technology,company,,,0.1537729780040789,14
19180,19180,184401574943491,On connaît la chanson,tvshow,,,0.1764807527667161,5
19198,19198,133602516654912,Jader Barbalho,politician,,,0.2440956002172732,55
19208,19208,303954766322525,Fruit Bowl,company,,,0.20366560010152,12
19248,19248,105559252851687,Club Social,company,,,0.1782292096328965,12
19255,19255,1588312144731141,Animation Domination FXX,tvshow,,,0.1831886184827361,49
19256,19256,256904977414,Farmen,tvshow,,,0.1748288204170557,14
19260,19260,74966621209,Friendly Rentals,company,,,0.2189619552506432,12
19293,19293,725191470931056,Viddsee 微電影,company,,,0.1586726551134838,31
19315,19315,279534235540672,Veterans Crisis Line,government,,,0.22012892859942,30
19342,19342,107333599354119,HYMER,company,,,0.2061130323906323,50
19344,19344,131204910275855,Helmut Holter,politician,,,0.1833889700541131,24
19348,19348,71505861920,Can-Am Off-Road,company,,,0.2128068646764661,6
19399,19399,76157017525,The Gorilla Glue Company,company,,,0.2122881275864023,12
19426,19426,199960280030744,Policía Federal Argentina,government,,,0.2138601233533846,57
19440,19440,554733571333690,Mauricio Palito Davico,politician,,,0.2165707621278277,57
19456,19456,414979907177,SMBC Theater,tvshow,,,0.2037875146249217,12
19465,19465,427708417367687,UPS,company,,,0.2151564190709655,50
19480,19480,605927022762955,Mystery Girls,tvshow,,,0.1761777066867394,49
19484,19484,171234116303475,Tião Viana,politician,,,0.1999893191871901,55
19538,19538,1909778589278032,SRF Meteo,tvshow,,,0.1876968314830129,50
19568,19568,197736053661581,Roberto Justus +,tvshow,,,0.1678695236387544,55
19572,19572,299601453506451,Felipe Francischini,politician,,,0.1958748507117887,55
19579,19579,107885352574881,Martin Neumeyer,politician,,,0.2186593744525973,44
19589,19589,1570146103254972,Defence Australia,government,,,0.2207691400723156,30
19598,19598,51500251811,Arby's,company,,,0.2298195728663775,12
19605,19605,868955783166629,John Penrose,politician,,,0.1975887298181434,36
19635,19635,194434097233,SVT Kulturnyheterna,tvshow,,,0.1647492722700043,32
19655,19655,120177481327977,Playtex,company,,,0.210275607131159,12
19675,19675,562585553789107,Office of Juvenile Justice and Delinquency Prevention,government,,,0.2194323997031134,34
19685,19685,118105563357,San Luis Obispo County Sheriff's Office,government,,,0.2165123293215259,34
19709,19709,80366657823,The Jerry Springer Show,tvshow,,,0.2065830000459706,12
19713,19713,135409006666035,LA QUOTIDIENNE,tvshow,,,0.1672646874906947,21
19716,19716,129537660543287,Subsecretaría de Estado de Tributación - SET - Paraguay,government,,,0.1946868149483151,28
19754,19754,139215659590078,Riigi Ilmateenistus,government,,,0.2096067017426023,46
19773,19773,147022215373288,Baltimore City Mayor's Office of Employment Development,government,,,0.2136669234207248,34
19801,19801,529629870416437,7 News Townsville,tvshow,,,0.2099121823617339,39
19822,19822,106147599475319,Zaffari,company,,,0.2127806661174086,1
19901,19901,142694405744102,Tamaris - Deutschland,company,,,0.1847506125737966,12
19904,19904,224749980886503,INFINITI,company,,,0.1883292681904666,25
19929,19929,430875900306351,New York City Police Pension Fund,government,,,0.2128008182825537,23
19986,19986,348126755218513,Charlie Company Blacksheep 3-1 BN CAB,government,,,0.2283040531615472,30
20004,20004,1740171706229889,Centro Latinoamericano de Formación Interdisciplinaria,government,,,0.1897607404967611,57
20057,20057,195872457286915,Andreas Pitsillides,politician,,,0.2269641810945675,46
20065,20065,1608897202677013,Avocados from Mexico - Canada,company,,,0.2149793813446616,12
20074,20074,733410133337387,Michaela Šojdrová,politician,,,0.2090411774556686,46
20106,20106,349981661783425,Balanço Geral,tvshow,,,0.1416806966435251,55
20107,20107,1562759163995524,Izabela Katarzyna Mrzygłocka - poseł na Sejm RP,politician,,,0.1933099894178073,46
20115,20115,438496092874147,T.C. Nuakşot Büyükelçiliği /Ambassade de Turquie à Nouakchott,government,,,0.198468360244497,17
20123,20123,139455096087989,Jaguar,company,,,0.1857510147731124,25
20142,20142,244252599789,VisitSweden,company,,,0.2160854763324421,50
20272,20272,111238502344525,Un sur 2,tvshow,,,0.1764807527667161,5
20273,20273,319506848147278,Tous Jewelry,company,,,0.2169576300645011,12
20282,20282,547141828732774,Czech Airlines,company,,,0.2259621670002111,50
20297,20297,200724470032263,Αντώνης Σαμαράς /  Antonis Samaras,politician,,,0.2207648018235768,46
20321,20321,1655717058045908,José Antonio Mendoza,politician,,,0.1860370765957094,57
20339,20339,224145927628813,Money Drop,tvshow,,,0.1805101425989154,21
20372,20372,633812813408377,Elections Canada,government,,,0.2089614701423828,58
20384,20384,140390255994563,Mt. Juliet Police Department,government,,,0.2001888826521975,34
20389,20389,177540868925607,Volkswagen,company,,,0.1954454911580247,25
20411,20411,358560834250995,Viajes Carrefour,company,,,0.2137950064702748,50
20432,20432,944978585512262,Kanaval Nasyonal Ayiti,government,,,0.1901348858462944,14
20464,20464,116479241742738,Avianca Brasil,company,,,0.2360139492867796,55
20482,20482,654079681358304,David Bernier,politician,,,0.2152471093143782,57
20507,20507,278790475541037,Mad Money,tvshow,,,0.1995967025548093,43
20517,20517,23587514958,City of Philadelphia Government,government,,,0.2208103619407018,30
20524,20524,1414041015544423,Every.Simpsons.Ever,tvshow,,,0.20711237291104,49
20526,20526,235147283196528,Christi Craddick,politician,,,0.1985876405288835,43
20530,20530,224180887612029,Norwegian,company,,,0.201499430539239,50
20562,20562,6766783198,John Carter,politician,,,0.2278433519915632,43
20631,20631,100151460031406,Let's dance i TV4,tvshow,,,0.1442725054578143,45
20647,20647,422119631223971,Hyde County Emergency Services Department,government,,,0.2304134706099511,30
20651,20651,245457632226269,Chapel Next Fort Hood,government,,,0.2278479729044557,30
20667,20667,108175748106,Duncan Hines,company,,,0.2181413953127123,12
20674,20674,1457463871204387,Pittiplatsch,tvshow,,,0.1817850843837478,24
20678,20678,269499516513342,Disney On Ice,company,,,0.1933366030787234,12
20679,20679,133737666673845,Nigel Farage,politician,,,0.215412196688621,46
20711,20711,252213828316323,Matt Trace,politician,,,0.1929431363456815,39
20732,20732,403912456334555,David Morris MP,politician,,,0.22152660014986,36
20740,20740,7835151610,Carolyn Maloney,politician,,,0.2177123201395281,34
20743,20743,158122851036414,Missouri Treasurer Eric Schmitt,government,,,0.2190986036352289,30
20771,20771,176358752382299,Samsung,company,,,0.1944930145594931,50
20789,20789,506449812880618,Patrick Dodson,politician,,,0.2071238281358025,39
20821,20821,153025375698,עיריית חיפה,government,,,0.2491185666452313,48
20847,20847,388707511336200,USAID Ethiopia,government,,,0.2373954019102358,28
20851,20851,167985906708029,"Peter Tomaschko, MdL",politician,,,0.2181286890338614,44
20890,20890,1420209928262255,Joe McHugh TD,politician,,,0.1889373796490165,46
20895,20895,461298547224238,JW Marriott,company,,,0.1981707854862323,50
20912,20912,106892092698333,A.S.O. (Amaury Sport Organisation),company,,,0.1992992726627638,13
20929,20929,106668158729,Durex,company,,,0.1510429621064944,14
20984,20984,650391275040691,Cazamariposas,tvshow,,,0.174440631647594,53
20991,20991,346452462071749,Numeral767,government,,,0.1955016096754546,33
20998,20998,46354824526,Wibke Brems,politician,,,0.1960064204337282,24
21011,21011,123503797818027,En route vers mon premier Gala Juste pour rire,tvshow,,,0.2031573522364578,5
21016,21016,129858531352,Ambasada Gjermane Tiranë,government,,,0.2244565651722209,24
21040,21040,30433734747,Globe Telecom,company,,,0.2074010485895731,14
21044,21044,104772071529,ODFW Conservation,government,,,0.2219840148588703,34
21045,21045,228793677312107,Rejane Dias,politician,,,0.2135998935280249,55
21089,21089,95079952639,The North Face,company,,,0.2053632632916251,12
21097,21097,107468562624798,Tune Hotels,company,,,0.2040317820658342,50
21101,21101,211589698875683,Sage,company,,,0.2164789533012823,12
21128,21128,186298636328,Chuggington,tvshow,,,0.2154679708477176,12
21249,21249,123964137796293,"Governor's Office of Small, Minority & Women Business  Affairs",government,,,0.2169995364289577,34
21271,21271,357201878053640,Embajada de Alemania en Cuba,government,,,0.2119237153851958,24
21306,21306,134304179942250,대한장애인체육회 Korea Paralympic Committee,government,,,0.2205849147367491,22
21343,21343,212373730233,Jason Chaffetz,politician,,,0.2058863954990699,43
21357,21357,106031656085669,RED NOSE DAY,tvshow,,,0.169928758337997,53
21397,21397,112062492177514,Franklin & Bash,tvshow,,,0.2044122998544396,12
21412,21412,1399051790373740,Embassy of Canada to Senegal,government,,,0.2057186281152148,58
21428,21428,68129256634,Darryl Glenn,politician,,,0.2156127051146723,30
21429,21429,1016031405077696,Alison Thewliss - MP for Glasgow Central,politician,,,0.1617615297115952,36
21506,21506,158457630881151,Humberside Police,government,,,0.2146302788311824,36
21518,21518,363419813737888,Jean Kuhlmann,politician,,,0.1998008127550975,55
21548,21548,942193172542961,Secretaria Nacional de Portos,government,,,0.2266345242177886,55
21558,21558,193805984003609,Zain Sudan,company,,,0.162161967104266,22
21560,21560,346684257828,City of Tacoma Government,government,,,0.2198467755349647,30
21576,21576,230819283727950,ნოდარ ხადური I Nodar Khaduri,politician,,,0.2099416024293389,17
21579,21579,520742381363041,Szkoła,tvshow,,,0.1845442449529379,14
21587,21587,25785379092,PRÜNE,company,,,0.1796901865758179,33
21660,21660,259881624646,1&1 Hosting Guide,company,,,0.2114550296916026,23
21670,21670,1421359581427574,Embassy of Canada to Myanmar,government,,,0.2240492192329936,58
21699,21699,115381018490831,Drumstick,company,,,0.1925100243325679,12
21728,21728,168235628589,Netshoes,company,,,0.1961621399823647,12
21770,21770,219866744748242,Koch Pipeline Company L.P.,company,,,0.220556766201386,12
21831,21831,197116387064211,משרד התרבות והספורט,government,,,0.2243265909227052,48
21881,21881,114124911999500,Puglia Events,company,,,0.2251808943496823,40
21901,21901,1524589031127606,Gavin Williamson,politician,,,0.2176617035910451,36
21941,21941,153166004746898,Sacramento County Office of Emergency Services,government,,,0.225930357663573,34
21945,21945,152758975134,Protect DuPage,government,,,0.2272626127766314,34
21958,21958,1537445663210167,Christine Grahame MSP,politician,,,0.1650882052563132,36
22017,22017,146821318781415,"Forillon National Park, Parks Canada",government,,,0.2096536408763483,58
22058,22058,285087554862050,NESCAFÉ Dolce Gusto Italia,company,,,0.1745965141307472,12
22064,22064,183131141700590,Marks and Spencer,company,,,0.1850229333245497,14
22081,22081,390208241007639,Stylehaul Mundo,company,,,0.2493480263230904,12
22096,22096,142010332524465,Kementerian Pertanian & Industri Asas Tani,government,,,0.2041226061993531,31
22113,22113,163190160489585,Vasundhara Raje,politician,,,0.1839986897596527,59
22137,22137,101004083330217,Miguel Haddad,politician,,,0.2086568106682515,55
22139,22139,327257270647983,Dia Dia,tvshow,,,0.1788876150441068,55
22182,22182,288803650861,Senkveld med Thomas og Harald,tvshow,,,0.2009947311452826,14
22185,22185,10150105827940574,Vodafone Fiji,company,,,0.2067236477721246,14
22206,22206,45938834789,ME to WE,company,,,0.2408252947481243,50
22269,22269,468316446850555,vo Mutzebächer,tvshow,,,0.1876968314830129,50
22314,22314,203544933072828,Percy Pig,company,,,0.189563823504598,14
22323,22323,169373009772164,Dorothee Martin,politician,,,0.2249104122039598,24
22324,22324,352072750358,Armando Ríos Piter,politician,,,0.2011386728016543,52
22337,22337,233230733398,Oman Ministry of Tourism,government,,,0.2295964767072335,50
22357,22357,627272277294804,"National Park Service, Museum Management Program",government,,,0.2296340204605149,34
22364,22364,244554088906469,William Samoei Ruto,politician,,,0.2244050056428336,28
22388,22388,208396769361693,Sarah Newton,politician,,,0.1805289968022368,36
22422,22422,353973075947,Camden County Government,government,,,0.2100220593733642,34
